ID,x1,x2,y1,y2
0,6040.444017,6150.444017,6765.762124,6875.762124
